GSM,ThreadDensity,TensileStrength,Shrinkage,AirPermeability,Thickness,Quality
182,196,295,8.54,616,0.69,Low
186,69,287,5.27,566,0.25,Low
151,195,277,8.26,444,0.33,Low
268,96,487,2.98,741,0.95,Medium
100,98,319,8.4,481,0.6,Low
182,63,690,7.73,789,0.78,Low
201,192,651,2.3,352,0.6,Medium
294,50,699,1.31,155,0.6,Medium
167,166,364,8.68,562,0.18,Low
179,103,381,9.63,556,0.41,Low
231,167,668,0.31,182,0.35,Medium
210,52,934,7.31,198,0.45,Medium
229,193,206,9.1,248,0.82,Low
337,61,529,8.57,428,0.43,Medium
271,123,974,9.65,255,0.51,Medium
240,65,872,7.6,289,0.46,Medium
101,151,350,4.42,593,0.18,Low
332,166,284,3.12,362,0.5,Medium
315,57,346,3.21,179,0.28,Medium
128,171,823,7.24,499,0.27,Medium
138,141,580,7.46,708,0.18,Low
249,139,747,2.0,359,0.42,Medium
267,185,484,8.68,714,0.78,Medium
269,109,899,7.15,651,0.35,Medium
254,77,281,5.63,200,0.38,Low
130,150,713,4.72,458,0.68,Medium
134,90,908,5.43,479,0.28,Medium
323,194,722,1.59,320,0.91,High
210,190,945,2.04,519,0.57,High
214,95,585,0.91,223,0.5,Medium
100,84,906,1.54,521,0.6,Medium
246,183,670,4.54,330,0.25,Medium
168,131,318,5.3,789,0.65,Low
93,164,595,0.18,162,0.43,Low
321,96,731,7.97,584,0.91,Medium
344,59,460,2.94,727,0.25,Medium
132,105,455,9.12,673,0.56,Low
171,79,933,9.68,582,0.64,Medium
343,158,425,1.85,618,0.13,High
114,54,252,4.62,254,0.43,Low
285,168,699,0.01,191,0.76,High
160,82,705,5.98,625,0.84,Low
129,167,563,6.07,554,0.38,Low
81,114,479,2.48,697,0.82,Low
133,195,792,5.58,744,0.97,Medium
185,60,913,2.26,609,0.87,Medium
339,134,357,1.61,282,0.21,Medium
270,75,831,6.52,485,0.77,Medium
297,112,258,3.26,673,0.39,Medium
123,135,926,5.9,504,0.99,Medium
241,108,327,4.33,345,0.54,Low
281,76,935,9.84,690,0.21,Medium
349,147,920,1.5,760,0.75,High
294,154,314,4.65,749,0.39,Medium
331,148,408,6.8,570,1.0,Medium
269,178,725,3.96,522,0.98,High
292,198,720,9.75,164,0.69,High
287,104,751,7.22,112,0.22,Medium
316,55,436,6.57,312,0.72,Medium
132,144,480,7.57,341,0.18,Low
296,182,558,9.53,592,0.13,Medium
331,151,400,9.08,312,0.84,Medium
267,52,957,7.24,792,0.29,Medium
120,72,477,7.49,437,0.44,Low
236,102,434,1.46,272,0.98,Medium
94,132,693,1.03,771,0.4,Low
144,194,203,5.71,263,0.37,Low
88,134,865,0.18,564,0.93,Medium
208,127,641,4.82,596,0.2,Medium
215,159,228,2.1,799,0.78,Medium
142,50,308,3.46,494,0.99,Low
218,100,809,7.76,407,0.91,Medium
160,53,926,9.41,282,0.69,Low
242,162,274,0.72,728,0.38,Medium
340,81,345,5.34,609,0.33,Medium
310,83,327,8.83,645,0.84,Low
120,141,241,0.83,663,0.89,Low
107,144,555,8.25,723,0.57,Low
214,121,240,3.58,693,0.32,Low
280,88,233,3.22,326,0.2,Low
347,167,216,9.77,535,0.18,Medium
112,52,876,2.01,521,0.75,Low
127,172,352,6.93,653,0.48,Low
141,99,577,8.21,120,0.91,Low
295,61,787,0.41,653,0.77,Medium
178,103,798,6.7,496,0.27,Medium
251,182,828,9.52,724,0.65,Medium
293,106,541,1.24,204,0.49,Medium
114,194,226,8.96,291,0.62,Low
306,161,486,5.95,116,0.76,Medium
180,96,845,6.17,219,0.83,Medium
210,134,930,6.13,492,0.86,Medium
336,191,367,2.99,524,0.33,High
84,115,809,9.35,228,0.13,Low
297,124,467,9.47,229,0.77,Medium
334,152,948,6.25,671,0.2,High
286,87,654,7.83,659,0.38,Medium
94,99,884,6.12,128,0.1,Low
121,147,600,4.84,196,0.71,Low
258,131,675,6.61,109,0.25,Medium
142,79,901,5.53,341,0.69,Medium
310,128,833,5.97,331,0.99,High
320,140,757,7.84,383,0.17,High
131,101,775,4.81,299,0.17,Low
175,128,329,0.41,178,0.41,Low
301,79,562,1.64,272,0.88,Medium
310,155,904,4.39,566,0.29,High
316,100,892,7.25,680,0.42,High
222,130,491,5.93,515,0.16,Medium
250,182,570,6.5,548,0.79,Medium
108,78,993,4.79,186,0.47,Medium
115,181,228,6.16,200,0.78,Low
92,187,348,3.29,107,0.91,Low
239,194,978,4.7,299,0.31,High
266,123,495,7.44,604,0.83,Medium
322,66,210,8.72,186,0.15,Low
165,133,711,4.34,142,0.91,Medium
145,118,875,0.44,484,0.69,Medium
249,83,312,1.62,720,0.89,Low
124,55,386,0.21,534,0.1,Low
141,102,943,6.53,507,0.25,Medium
213,175,426,3.32,582,0.45,Medium
107,92,509,5.42,763,0.44,Low
187,164,297,4.93,116,0.3,Low
123,160,254,0.82,744,0.44,Low
207,129,822,4.03,247,0.22,Medium
310,144,863,2.21,376,0.47,High
269,167,957,4.18,331,0.82,High
304,193,605,2.04,465,0.53,High
200,57,268,8.4,327,0.12,Low
195,181,511,1.74,750,0.48,Medium
312,153,488,9.61,535,0.12,Medium
338,181,961,4.16,498,0.97,High
277,74,747,8.46,310,0.21,Medium
216,145,950,6.29,490,0.74,Medium
244,142,347,7.35,598,0.98,Medium
304,110,666,7.68,639,0.84,Medium
313,171,938,5.05,662,0.73,High
251,100,443,5.43,590,0.86,Medium
231,196,690,5.14,541,0.98,Medium
239,70,706,5.88,360,0.66,Medium
175,54,564,0.29,449,0.6,Low
312,141,681,3.96,451,0.67,High
259,110,400,6.06,619,0.58,Medium
192,71,353,5.98,419,0.67,Low
131,198,649,7.93,237,0.5,Medium
347,119,700,6.55,649,0.3,High
192,50,272,9.92,722,0.21,Low
180,182,912,2.84,467,0.16,Medium
192,61,495,3.59,319,0.34,Low
160,139,216,3.84,436,0.14,Low
266,95,840,4.66,322,0.61,Medium
192,83,416,8.36,747,0.36,Low
81,127,260,2.36,459,0.84,Low
209,94,815,7.76,428,0.17,Medium
299,122,241,4.05,562,0.3,Medium
133,75,224,6.02,660,0.76,Low
303,96,238,6.33,481,0.64,Medium
304,170,330,3.73,689,0.16,Medium
205,105,697,5.13,716,0.89,Medium
209,143,428,4.13,268,0.89,Medium
132,156,307,0.69,316,0.4,Low
251,112,371,4.37,477,0.41,Medium
297,97,634,0.97,218,0.99,Medium
239,110,677,4.05,289,0.66,Medium
277,130,301,5.93,469,0.58,Medium
326,75,723,5.79,248,0.85,Medium
282,85,474,6.63,775,0.36,Medium
263,50,812,0.95,751,0.49,Medium
202,57,243,6.52,587,0.34,Low
334,162,216,3.12,473,0.81,Medium
177,148,529,3.99,792,0.62,Medium
277,96,768,8.58,259,0.69,Medium
319,176,696,0.09,450,0.33,High
223,105,211,5.88,387,0.3,Low
176,63,517,5.99,387,0.54,Low
280,77,791,3.97,325,0.76,Medium
203,127,415,2.37,622,0.57,Medium
266,179,538,2.35,621,0.13,Medium
338,158,975,8.84,372,0.88,High
227,63,860,4.42,501,0.16,Medium
331,105,280,3.31,282,0.96,Medium
226,164,926,4.49,764,0.12,High
227,56,684,6.69,587,0.73,Medium
278,52,573,1.46,223,0.17,Medium
207,160,909,4.49,725,0.92,Medium
118,156,399,5.88,513,0.52,Low
208,67,736,9.49,271,0.22,Low
346,87,665,2.53,387,0.41,High
230,164,288,3.59,534,0.25,Medium
178,64,467,3.79,785,0.25,Low
342,168,854,6.06,212,0.95,High
331,77,770,3.57,221,0.5,High
223,88,688,5.34,643,0.81,Medium
191,66,737,7.82,321,0.68,Low
139,135,246,7.05,730,0.71,Low
81,175,487,4.46,138,0.22,Low
333,93,977,8.64,596,0.31,High
219,74,215,5.58,332,0.81,Low
116,194,910,5.4,629,0.97,Medium
239,62,600,0.34,248,0.34,Medium
88,74,993,9.87,496,0.34,Low
312,117,285,1.23,760,0.53,Medium
178,187,449,2.31,737,0.99,Medium
226,116,590,0.52,401,0.34,Medium
287,158,981,6.4,459,0.47,High
210,195,534,2.25,337,0.9,Medium
231,160,828,1.8,746,0.1,High
133,160,718,0.89,762,0.14,Medium
199,83,336,1.03,335,0.64,Low
240,160,887,5.85,302,0.92,Medium
195,57,697,6.88,355,0.31,Low
154,162,926,3.97,697,0.52,Medium
192,132,676,4.8,761,0.51,Medium
183,91,793,6.86,334,0.53,Medium
333,150,422,0.17,444,0.66,High
306,55,571,3.23,633,0.52,Medium
191,75,601,9.73,565,0.5,Low
178,113,642,5.8,640,0.53,Medium
232,108,689,2.54,312,0.63,Medium
273,158,814,5.22,562,0.58,High
242,170,472,3.43,535,0.87,Medium
287,82,725,5.32,382,0.14,Medium
248,199,358,1.26,661,0.85,Medium
240,70,351,1.33,706,0.86,Low
147,119,819,1.44,562,0.36,Medium
214,161,387,9.4,506,0.52,Low
274,53,297,7.33,187,0.49,Low
207,143,330,1.62,143,0.3,Medium
112,124,370,1.88,560,0.46,Low
255,111,382,7.31,377,0.14,Low
101,143,563,1.56,782,0.35,Low
317,144,238,2.35,520,0.84,Medium
237,104,726,9.63,452,0.36,Medium
117,186,696,2.55,795,0.84,Medium
309,180,715,6.62,614,0.58,High
130,80,548,9.79,729,0.89,Low
343,89,596,3.74,118,0.62,Medium
106,85,921,0.18,122,0.13,Medium
305,55,360,2.44,512,0.71,Medium
176,115,215,8.31,129,0.14,Low
226,124,692,8.65,207,0.51,Medium
83,53,625,7.69,466,0.94,Low
114,128,307,1.13,380,0.25,Low
271,183,649,7.96,227,0.45,Medium
128,167,510,9.19,328,0.76,Low
96,162,938,6.01,210,0.89,Medium
251,143,369,9.41,235,0.7,Low
299,111,745,8.27,461,0.33,Medium
237,128,613,6.67,285,0.71,Medium
125,185,450,5.77,755,0.37,Low
85,75,958,3.49,683,0.75,Low
178,93,980,1.59,228,0.96,Medium
312,182,340,6.05,360,0.75,Medium
116,119,473,3.18,614,0.88,Low
260,167,615,8.66,548,0.1,Medium
174,117,807,9.93,203,0.75,Medium
178,68,938,7.52,582,0.85,Medium
267,69,238,0.9,323,0.14,Low
195,162,228,2.89,590,0.88,Low
270,189,676,1.09,572,0.33,High
332,96,517,6.51,109,0.7,Medium
240,50,444,7.65,504,0.82,Low
335,139,947,9.26,401,0.7,High
207,191,896,4.38,330,0.18,High
97,113,471,9.01,165,0.64,Low
302,87,639,8.78,211,0.59,Medium
133,86,947,3.17,112,0.91,Medium
137,175,438,8.69,492,0.46,Low
253,188,576,3.76,599,0.39,Medium
193,149,465,2.97,697,0.77,Medium
230,126,558,6.49,333,0.47,Medium
206,52,539,3.28,701,0.68,Low
234,183,588,6.3,413,0.68,Medium
183,59,776,6.1,665,0.9,Low
325,54,888,5.63,111,0.64,Medium
255,187,202,3.8,308,0.55,Medium
118,179,628,5.48,113,0.22,Low
249,62,341,5.96,732,0.2,Low
326,179,575,5.46,517,0.24,High
105,133,869,4.44,536,0.25,Medium
92,114,523,0.15,476,0.67,Low
115,112,345,5.87,119,0.77,Low
252,150,492,1.68,686,0.58,Medium
99,122,864,6.43,169,0.85,Low
343,66,631,7.59,310,0.99,Medium
221,58,904,5.0,200,0.84,Medium
222,192,784,5.42,797,0.73,Medium
171,87,598,9.51,231,0.58,Low
294,143,543,8.47,722,0.5,Medium
130,144,339,9.14,480,0.18,Low
232,98,386,8.14,231,0.46,Low
265,118,260,1.09,119,0.92,Medium
142,111,579,1.49,635,0.83,Low
269,127,909,5.27,326,0.29,High
204,166,639,2.46,253,0.52,Medium
229,169,518,4.77,568,0.84,Medium
137,186,501,3.94,504,0.16,Medium
259,125,543,5.49,301,0.45,Medium
249,84,210,7.47,137,0.87,Low
133,50,261,7.15,287,0.46,Low
180,89,425,5.21,156,0.17,Low
343,113,352,8.22,119,0.59,Medium
132,199,910,4.31,372,0.88,Medium
139,109,763,8.97,218,0.63,Low
187,113,971,0.71,682,0.3,Medium
84,142,770,9.55,615,0.45,Low
182,121,783,6.55,320,0.51,Medium
275,60,859,3.8,625,0.62,Medium
341,154,774,1.97,614,0.78,High
126,63,509,4.79,435,0.19,Low
223,109,442,1.95,797,0.9,Medium
348,79,692,1.66,154,0.11,High
203,84,565,6.17,599,0.43,Low
185,54,529,5.23,635,0.12,Low
237,132,306,6.7,261,0.45,Low
226,172,425,9.3,769,0.57,Medium
224,127,417,5.32,693,0.56,Medium
199,111,952,5.81,258,0.25,Medium
171,181,705,0.9,287,0.68,Medium
137,138,458,7.18,159,0.14,Low
308,91,973,4.0,418,0.79,High
196,138,716,9.77,310,0.95,Medium
206,195,972,8.23,505,0.41,Medium
208,89,253,5.22,763,0.57,Low
137,121,246,1.23,208,0.44,Low
201,88,926,8.59,175,0.11,Medium
80,153,888,8.0,641,0.45,Low
318,63,720,1.85,413,0.81,Medium
175,81,298,2.95,216,0.64,Low
205,174,219,7.93,118,0.19,Low
197,146,952,1.85,531,0.86,Medium
127,72,772,9.18,784,0.58,Low
168,112,689,4.25,449,0.86,Medium
316,192,618,0.87,282,0.62,High
268,194,889,8.16,212,0.6,High
271,102,261,3.74,282,0.19,Medium
148,153,344,5.26,580,0.25,Low
326,153,415,1.12,245,0.97,Medium
155,88,202,0.03,727,0.31,Low
233,183,359,6.38,212,0.98,Medium
223,116,938,5.15,575,0.58,Medium
165,184,980,5.94,402,0.22,Medium
264,91,319,7.94,217,0.19,Low
299,64,288,6.47,260,0.29,Low
148,160,528,1.75,500,0.93,Medium
126,82,779,3.61,297,0.47,Low
173,87,556,9.06,359,0.46,Low
317,146,809,7.7,759,0.38,High
283,82,466,5.57,146,0.23,Medium
297,135,816,2.56,498,0.54,High
118,115,522,3.02,658,0.22,Low
179,59,834,7.32,177,0.85,Low
333,54,740,8.51,223,0.43,Medium
301,172,848,6.71,174,0.44,High
102,123,394,8.1,236,0.53,Low
329,146,937,7.67,701,0.5,High
89,167,531,1.5,499,1.0,Low
325,87,369,4.24,604,0.59,Medium
179,190,720,1.53,599,0.18,Medium
259,96,662,2.35,672,0.65,Medium
302,158,239,8.69,237,0.24,Medium
329,64,736,4.73,149,0.13,Medium
226,185,460,5.35,718,0.97,Medium
175,54,594,1.78,724,0.8,Low
336,96,425,3.12,353,0.98,Medium
83,117,323,2.3,729,0.53,Low
95,125,237,2.06,662,0.58,Low
326,179,527,6.38,525,0.25,Medium
337,144,450,2.57,646,0.32,Medium
239,164,375,6.32,401,0.85,Medium
231,85,801,0.58,680,0.42,Medium
257,75,653,1.42,448,0.84,Medium
242,92,236,2.75,148,0.74,Low
112,76,515,5.97,173,0.26,Low
258,118,887,6.76,360,0.56,Medium
180,197,995,4.43,455,0.71,High
347,60,792,4.46,681,0.31,Medium
144,123,313,7.25,701,0.85,Low
247,153,239,0.16,359,0.59,Medium
122,87,500,3.41,737,0.25,Low
123,183,423,8.19,394,0.62,Low
91,72,517,6.03,740,1.0,Low
174,96,548,3.37,412,0.24,Low
332,139,314,9.06,711,0.84,Medium
321,95,897,7.73,281,0.29,High
114,156,522,2.65,785,0.8,Low
294,189,767,6.45,463,0.76,High
169,190,239,5.96,287,0.37,Low
343,153,239,4.01,668,0.39,Medium
172,160,948,3.67,642,0.81,Medium
169,153,488,3.44,695,0.52,Medium
194,109,461,6.17,763,0.76,Low
184,149,415,4.42,647,0.23,Low
275,117,346,8.32,507,0.87,Medium
193,182,535,6.7,717,0.74,Medium
154,169,367,0.7,513,0.92,Low
296,86,291,6.4,441,0.22,Low
328,121,552,2.71,319,0.63,Medium
243,176,770,5.93,262,0.64,Medium
271,155,770,6.8,319,0.42,Medium
306,141,880,2.31,369,0.51,High
256,80,980,4.57,731,0.13,Medium
178,171,562,1.9,499,0.77,Medium
115,186,756,0.52,281,0.59,Medium
175,100,544,3.78,717,0.15,Low
231,78,892,3.63,304,0.71,Medium
230,89,369,9.95,681,0.52,Low
269,90,555,4.46,655,0.13,Medium
303,60,390,3.34,327,0.97,Medium
116,50,866,5.8,795,0.95,Low
347,95,621,0.89,718,0.56,High
262,150,899,9.62,695,0.18,Medium
92,198,206,6.35,349,0.78,Low
296,139,332,7.55,540,0.54,Medium
141,159,946,1.7,632,0.37,Medium
163,106,756,4.09,295,0.54,Medium
296,50,960,4.23,789,0.57,Medium
266,112,230,8.22,618,0.61,Low
98,104,734,0.01,169,0.5,Low
256,164,625,3.01,738,0.65,Medium
179,192,593,9.81,498,0.93,Medium
312,198,871,4.75,771,0.43,High
155,102,562,3.83,302,0.75,Low
344,186,636,1.2,247,0.91,High
285,106,869,9.74,571,0.51,Medium
302,166,750,0.2,754,0.5,High
131,84,281,7.37,298,0.64,Low
223,112,555,7.69,525,0.63,Medium
148,74,457,2.44,765,0.83,Low
178,139,917,6.72,591,0.53,Medium
104,124,788,0.93,241,1.0,Medium
132,87,723,2.57,412,0.15,Low
230,179,494,7.88,264,0.1,Medium
223,184,423,8.65,413,0.68,Medium
136,140,724,6.08,120,0.37,Medium
118,66,245,5.07,181,0.32,Low
188,177,866,1.59,680,0.38,Medium
260,157,312,0.63,230,0.33,Medium
121,74,432,1.18,698,0.13,Low
265,137,216,2.27,404,0.97,Medium
302,78,559,3.42,470,0.3,Medium
201,112,422,3.81,483,0.76,Low
212,199,899,3.46,544,0.79,High
242,163,647,2.39,524,0.94,Medium
294,98,564,5.1,260,0.13,Medium
300,130,874,8.25,277,0.88,High
314,133,525,2.8,728,0.57,Medium
225,154,666,9.42,589,0.67,Medium
318,197,613,8.73,426,0.68,High
155,167,654,1.62,697,0.84,Medium
88,135,785,7.86,388,0.4,Low
153,112,432,5.75,692,0.76,Low
332,153,423,5.67,763,0.58,Medium
309,98,611,3.91,672,0.81,Medium
86,120,771,5.01,672,0.99,Low
253,50,534,3.97,453,0.28,Medium
220,190,421,5.4,127,1.0,Medium
247,172,236,6.28,142,0.18,Medium
249,111,477,6.74,780,0.1,Medium
201,81,395,5.32,522,0.14,Low
273,78,683,7.21,697,0.41,Medium
84,98,441,1.41,276,0.67,Low
108,79,523,2.12,628,0.16,Low
244,193,930,8.19,709,0.11,High
215,68,391,3.23,593,0.94,Low
224,67,216,0.23,297,0.84,Low
296,50,723,1.54,709,0.83,Medium
211,127,600,2.24,676,0.9,Medium
149,164,904,9.57,616,0.73,Medium
331,162,221,5.73,613,0.19,Medium
261,163,673,9.33,121,0.46,Medium
246,112,319,5.75,211,0.75,Low
170,181,409,4.79,156,0.35,Medium
281,178,505,3.14,165,0.72,Medium
98,57,469,6.06,197,0.12,Low
118,104,903,1.39,243,0.38,Medium
205,152,886,8.98,534,0.59,Medium
252,180,484,8.29,736,0.67,Medium
220,81,915,3.18,778,0.62,Medium
321,59,875,9.53,185,0.73,Medium
299,159,962,8.25,687,0.11,High
205,173,426,6.66,443,0.19,Medium
137,136,580,1.22,393,0.88,Medium
227,104,659,4.78,670,0.71,Medium
80,81,206,5.06,749,0.2,Low
269,184,228,2.33,710,0.86,Medium
270,142,232,0.8,342,0.32,Medium
196,57,845,7.77,660,0.53,Medium
213,114,278,1.22,131,0.23,Low
137,106,658,5.94,490,0.74,Low
123,116,769,9.36,376,0.7,Low
252,121,737,8.76,631,0.29,Medium
239,103,681,2.78,253,0.88,Medium
252,116,629,8.51,482,0.46,Medium
228,100,937,0.0,167,0.36,Medium
159,146,484,0.18,313,0.24,Medium
292,141,715,6.03,754,0.34,Medium
282,57,298,3.65,475,0.12,Low
331,84,596,3.86,312,0.62,Medium
